id,retailerId,salesRepId,status,paymentMode,totalAmount,billNumber,remarks,gpsLatitude,gpsLongitude,originalCreatedAt,cancelledAt,createdAt,updatedAt
1,572,,Cancelled,Credit,27269.0,3,,0.0,0.0,2025-12-15 18:05:00,2025-12-15 18:05:00,2026-03-15 13:51:35,2026-03-15 13:51:35
2,226,,Cancelled,Credit,40307.0,84,,0.0,0.0,2025-12-17 10:20:00,2025-12-17 10:20:00,2026-03-15 13:51:35,2026-03-15 13:51:35
3,226,,Cancelled,Credit,35378.0,91,,0.0,0.0,2025-12-18 10:43:00,2025-12-18 10:43:00,2026-03-15 13:51:35,2026-03-15 13:51:35
4,572,,Cancelled,Credit,5557.0,92,,0.0,0.0,2025-12-18 12:19:00,2025-12-18 12:19:00,2026-03-15 13:51:35,2026-03-15 13:51:35
5,226,,Cancelled,Credit,34487.0,103,,0.0,0.0,2025-12-19 10:45:00,2025-12-19 10:45:00,2026-03-15 13:51:35,2026-03-15 13:51:35
6,226,,Cancelled,Credit,29344.0,107,,0.0,0.0,2025-12-20 10:47:00,2025-12-20 10:47:00,2026-03-15 13:51:35,2026-03-15 13:51:35
7,226,,Cancelled,Credit,33064.0,115,,0.0,0.0,2025-12-22 10:25:00,2025-12-22 10:25:00,2026-03-15 13:51:35,2026-03-15 13:51:35
8,226,,Cancelled,Credit,17416.0,129,,0.0,0.0,2025-12-23 10:49:00,2025-12-23 10:49:00,2026-03-15 13:51:36,2026-03-15 13:51:36
9,226,,Cancelled,Credit,26470.0,135,,0.0,0.0,2025-12-24 10:12:00,2025-12-24 10:12:00,2026-03-15 13:51:36,2026-03-15 13:51:36
10,226,,Cancelled,Credit,26069.0,144,,0.0,0.0,2025-12-25 10:33:00,2025-12-25 10:33:00,2026-03-15 13:51:36,2026-03-15 13:51:36
11,226,,Cancelled,Credit,26122.0,154,,0.0,0.0,2025-12-26 10:28:00,2025-12-26 10:28:00,2026-03-15 13:51:36,2026-03-15 13:51:36
12,226,,Cancelled,Credit,23962.0,162,,0.0,0.0,2025-12-27 10:45:00,2025-12-27 10:45:00,2026-03-15 13:51:36,2026-03-15 13:51:36
13,226,,Cancelled,Credit,8040.0,164,,0.0,0.0,2025-12-28 08:22:00,2025-12-28 08:22:00,2026-03-15 13:51:36,2026-03-15 13:51:36
14,226,,Cancelled,Credit,22966.0,168,,0.0,0.0,2025-12-29 10:28:00,2025-12-29 10:28:00,2026-03-15 13:51:36,2026-03-15 13:51:36
15,288,,Cancelled,Credit,10932.0,180,,0.0,0.0,2025-12-29 18:46:00,2025-12-29 18:46:00,2026-03-15 13:51:36,2026-03-15 13:51:36
16,561,,Cancelled,Credit,19435.0,181,,0.0,0.0,2025-12-31 13:52:00,2025-12-31 13:52:00,2026-03-15 13:51:36,2026-03-15 13:51:36
17,226,,Cancelled,Credit,3600.0,182,,0.0,0.0,2025-12-31 14:15:00,2025-12-31 14:15:00,2026-03-15 13:51:36,2026-03-15 13:51:36
18,226,,Cancelled,Credit,24030.0,185,,0.0,0.0,2025-12-31 14:23:00,2025-12-31 14:23:00,2026-03-15 13:51:36,2026-03-15 13:51:36
19,226,,Cancelled,Credit,23944.0,195,,0.0,0.0,2026-01-01 11:44:00,2026-01-01 11:44:00,2026-03-15 13:51:36,2026-03-15 13:51:36
20,226,,Cancelled,Credit,28246.0,205,,0.0,0.0,2026-01-02 10:42:00,2026-01-02 10:42:00,2026-03-15 13:51:36,2026-03-15 13:51:36
21,226,,Cancelled,Credit,27626.0,211,,0.0,0.0,2026-01-03 10:49:00,2026-01-03 10:49:00,2026-03-15 13:51:36,2026-03-15 13:51:36
22,572,,Cancelled,Credit,15489.0,212,,0.0,0.0,2026-01-03 11:18:00,2026-01-03 11:18:00,2026-03-15 13:51:36,2026-03-15 13:51:36
23,572,,Cancelled,Credit,6320.0,213,,0.0,0.0,2026-01-03 11:21:00,2026-01-03 11:21:00,2026-03-15 13:51:36,2026-03-15 13:51:36
24,226,,Cancelled,Credit,27812.0,235,,0.0,0.0,2026-01-05 10:28:00,2026-01-05 10:28:00,2026-03-15 13:51:36,2026-03-15 13:51:36
25,226,,Cancelled,Credit,30812.0,236,,0.0,0.0,2026-01-06 10:49:00,2026-01-06 10:49:00,2026-03-15 13:51:36,2026-03-15 13:51:36
26,226,,Cancelled,Credit,24542.0,259,,0.0,0.0,2026-01-07 10:30:00,2026-01-07 10:30:00,2026-03-15 13:51:36,2026-03-15 13:51:36
27,572,,Cancelled,Credit,23649.0,260,,0.0,0.0,2026-01-07 20:11:00,2026-01-07 20:11:00,2026-03-15 13:51:36,2026-03-15 13:51:36
28,226,,Cancelled,Credit,9120.0,272,,0.0,0.0,2026-01-09 10:55:00,2026-01-09 10:55:00,2026-03-15 13:51:36,2026-03-15 13:51:36
29,226,,Cancelled,Credit,8756.0,309,,0.0,0.0,2026-01-10 10:14:00,2026-01-10 10:14:00,2026-03-15 13:51:36,2026-03-15 13:51:36
30,226,,Cancelled,Credit,29826.0,329,,0.0,0.0,2026-01-12 11:14:00,2026-01-12 11:14:00,2026-03-15 13:51:36,2026-03-15 13:51:36
31,226,,Cancelled,Credit,21434.0,341,,0.0,0.0,2026-01-13 11:01:00,2026-01-13 11:01:00,2026-03-15 13:51:36,2026-03-15 13:51:36
32,318,,Cancelled,Credit,8448.0,463,,0.0,0.0,2026-01-22 17:20:00,2026-01-22 17:20:00,2026-03-15 13:51:37,2026-03-15 13:51:37
33,572,,Cancelled,Credit,17908.0,496,,0.0,0.0,2026-01-23 23:58:00,2026-01-23 23:58:00,2026-03-15 13:51:37,2026-03-15 13:51:37
34,463,,Cancelled,Credit,1160.0,571,,0.0,0.0,2026-01-28 11:52:00,2026-01-28 11:52:00,2026-03-15 13:51:37,2026-03-15 13:51:37
35,290,,Cancelled,Credit,630.0,574,,0.0,0.0,2026-01-28 11:57:00,2026-01-28 11:57:00,2026-03-15 13:51:37,2026-03-15 13:51:37
36,226,,Cancelled,Credit,40158.0,654,,0.0,0.0,2026-01-31 10:46:00,2026-01-31 10:46:00,2026-03-15 13:51:37,2026-03-15 13:51:37
37,226,,Cancelled,Credit,45828.0,755,,0.0,0.0,2026-02-05 11:34:00,2026-02-05 11:34:00,2026-03-15 13:51:37,2026-03-15 13:51:37
38,121,,Cancelled,Credit,657.0,775,,0.0,0.0,2026-02-06 10:29:00,2026-02-06 10:29:00,2026-03-15 13:51:37,2026-03-15 13:51:37
39,87,,Cancelled,Credit,870.0,785,,0.0,0.0,2026-02-06 11:07:00,2026-02-06 11:07:00,2026-03-15 13:51:37,2026-03-15 13:51:37
40,332,,Cancelled,Credit,420.0,810,,0.0,0.0,2026-02-06 23:25:00,2026-02-06 23:25:00,2026-03-15 13:51:37,2026-03-15 13:51:37
41,533,,Cancelled,Credit,210.0,821,,0.0,0.0,2026-02-06 23:55:00,2026-02-06 23:55:00,2026-03-15 13:51:37,2026-03-15 13:51:37
42,171,,Cancelled,Credit,264.0,834,,0.0,0.0,2026-02-07 10:58:00,2026-02-07 10:58:00,2026-03-15 13:51:37,2026-03-15 13:51:37
43,562,,Cancelled,Credit,396.0,842,,0.0,0.0,2026-02-07 13:22:00,2026-02-07 13:22:00,2026-03-15 13:51:37,2026-03-15 13:51:37
44,534,,Cancelled,Credit,210.0,856,,0.0,0.0,2026-02-07 13:43:00,2026-02-07 13:43:00,2026-03-15 13:51:37,2026-03-15 13:51:37
45,491,,Cancelled,Credit,1314.0,892,,0.0,0.0,2026-02-08 23:03:00,2026-02-08 23:03:00,2026-03-15 13:51:37,2026-03-15 13:51:37
46,197,,Cancelled,Credit,2640.0,955,,0.0,0.0,2026-02-11 00:07:00,2026-02-11 00:07:00,2026-03-15 13:51:37,2026-03-15 13:51:37
47,163,,Cancelled,Credit,1050.0,963,,0.0,0.0,2026-02-11 00:15:00,2026-02-11 00:15:00,2026-03-15 13:51:37,2026-03-15 13:51:37
48,31,,Cancelled,Credit,1470.0,964,,0.0,0.0,2026-02-11 00:15:00,2026-02-11 00:15:00,2026-03-15 13:51:37,2026-03-15 13:51:37
49,434,,Cancelled,Cash,1050.0,984,,0.0,0.0,2026-02-11 21:20:00,2026-02-11 21:20:00,2026-03-15 13:51:37,2026-03-15 13:51:37
50,244,,Cancelled,Credit,90.0,1010,,0.0,0.0,2026-02-11 22:56:00,2026-02-11 22:56:00,2026-03-15 13:51:37,2026-03-15 13:51:37
51,390,,Cancelled,Credit,648.0,1036,,0.0,0.0,2026-02-13 07:37:00,2026-02-13 07:37:00,2026-03-15 13:51:37,2026-03-15 13:51:37
52,323,,Cancelled,Credit,1680.0,1066,,0.0,0.0,2026-02-13 14:59:00,2026-02-13 14:59:00,2026-03-15 13:51:37,2026-03-15 13:51:37
53,269,,Cancelled,Credit,210.0,1071,,0.0,0.0,2026-02-13 15:55:00,2026-02-13 15:55:00,2026-03-15 13:51:37,2026-03-15 13:51:37
54,194,,Cancelled,Credit,234.0,1085,,0.0,0.0,2026-02-14 00:00:00,2026-02-14 00:00:00,2026-02-14 00:00:00,2026-02-14 00:00:00
55,622,,Cancelled,Credit,420.0,1090,,0.0,0.0,2026-02-14 00:00:00,2026-02-14 00:00:00,2026-02-14 00:00:00,2026-02-14 00:00:00
56,96,,Cancelled,Credit,360.0,1091,,0.0,0.0,2026-02-14 00:00:00,2026-02-14 00:00:00,2026-02-14 00:00:00,2026-02-14 00:00:00
57,226,,Cancelled,Credit,17999.0,1108,,0.0,0.0,2026-02-15 00:00:00,2026-02-15 00:00:00,2026-02-15 00:00:00,2026-02-15 00:00:00
58,226,,Cancelled,Credit,22499.0,1109,,0.0,0.0,2026-02-15 00:00:00,2026-02-15 00:00:00,2026-02-15 00:00:00,2026-02-15 00:00:00
59,528,,Cancelled,Credit,384.0,1122,,0.0,0.0,2026-02-16 00:00:00,2026-02-16 00:00:00,2026-02-16 00:00:00,2026-02-16 00:00:00
60,18,,Cancelled,Credit,420.0,1164,,0.0,0.0,2026-02-17 00:00:00,2026-02-17 00:00:00,2026-02-17 00:00:00,2026-02-17 00:00:00
61,638,,Cancelled,Credit,768.0,1155,,0.0,0.0,2026-02-17 00:00:00,2026-02-17 00:00:00,2026-02-17 00:00:00,2026-02-17 00:00:00
62,211,,Cancelled,Credit,420.0,1163,,0.0,0.0,2026-02-17 00:00:00,2026-02-17 00:00:00,2026-02-17 00:00:00,2026-02-17 00:00:00
63,345,,Cancelled,Cash,600.0,1172,,0.0,0.0,2026-02-17 00:00:00,2026-02-17 00:00:00,2026-02-17 00:00:00,2026-02-17 00:00:00
64,93,,Cancelled,Credit,240.0,1176,,0.0,0.0,2026-02-17 00:00:00,2026-02-17 00:00:00,2026-02-17 00:00:00,2026-02-17 00:00:00
65,613,,Cancelled,Credit,1200.0,1258,,0.0,0.0,2026-02-19 00:00:00,2026-02-19 00:00:00,2026-02-19 00:00:00,2026-02-19 00:00:00
66,515,,Cancelled,Credit,2697.0,1257,,0.0,0.0,2026-02-19 00:00:00,2026-02-19 00:00:00,2026-02-19 00:00:00,2026-02-19 00:00:00
67,630,,Cancelled,Credit,210.0,1256,,0.0,0.0,2026-02-19 00:00:00,2026-02-19 00:00:00,2026-02-19 00:00:00,2026-02-19 00:00:00
68,296,,Cancelled,Credit,400.0,1255,,0.0,0.0,2026-02-19 00:00:00,2026-02-19 00:00:00,2026-02-19 00:00:00,2026-02-19 00:00:00
69,388,,Cancelled,Credit,210.0,1250,,0.0,0.0,2026-02-19 00:00:00,2026-02-19 00:00:00,2026-02-19 00:00:00,2026-02-19 00:00:00
70,649,,Cancelled,Credit,234.0,1260,,0.0,0.0,2026-02-19 00:00:00,2026-02-19 00:00:00,2026-02-19 00:00:00,2026-02-19 00:00:00
71,480,,Cancelled,Credit,1830.0,1298,,0.0,0.0,2026-02-20 00:00:00,2026-02-20 00:00:00,2026-02-20 00:00:00,2026-02-20 00:00:00
72,668,,Cancelled,Credit,180.0,1367,,0.0,0.0,2026-02-23 00:00:00,2026-02-23 15:40:09,2026-02-23 15:40:09,2026-02-23 15:40:09
73,141,,Cancelled,Credit,1830.0,1437,,0.0,0.0,2026-02-25 00:00:00,2026-02-25 12:00:51,2026-02-25 12:00:51,2026-02-25 12:00:51
74,690,,Cancelled,Credit,3864.0,1447,,0.0,0.0,2026-02-26 00:00:00,2026-03-01 06:40:23,2026-03-01 06:40:23,2026-03-01 06:40:23
75,528,,Cancelled,Credit,7766.0,1449,,0.0,0.0,2026-02-26 00:00:00,2026-03-01 06:40:23,2026-03-01 06:40:23,2026-03-01 06:40:23
76,630,,Cancelled,Credit,270.0,1469,,0.0,0.0,2026-02-26 00:00:00,2026-03-01 06:40:23,2026-03-01 06:40:23,2026-03-01 06:40:23
77,269,,Cancelled,Credit,420.0,1515,,0.0,0.0,2026-02-27 00:00:00,2026-03-01 06:40:23,2026-03-01 06:40:23,2026-03-01 06:40:23
78,601,,Cancelled,Credit,960.0,1506,,0.0,0.0,2026-02-27 00:00:00,2026-03-01 06:40:23,2026-03-01 06:40:23,2026-03-01 06:40:23
79,697,,Cancelled,Credit,300.0,1508,,0.0,0.0,2026-02-27 00:00:00,2026-03-01 06:40:23,2026-03-01 06:40:23,2026-03-01 06:40:23
80,229,,Cancelled,Credit,420.0,1509,,0.0,0.0,2026-02-27 00:00:00,2026-03-01 06:40:23,2026-03-01 06:40:23,2026-03-01 06:40:23
81,540,,Cancelled,Credit,5952.0,1535,,0.0,0.0,2026-02-28 00:00:00,2026-03-01 06:40:23,2026-03-01 06:40:23,2026-03-01 06:40:23
82,570,,Cancelled,Credit,2580.0,1550,,0.0,0.0,2026-02-28 00:00:00,2026-03-01 06:40:23,2026-03-01 06:40:23,2026-03-01 06:40:23
83,570,,Cancelled,Credit,2370.0,1624,,0.0,0.0,2026-03-02 00:00:00,2026-03-07 10:30:42,2026-03-07 10:30:42,2026-03-07 10:30:42
84,570,,Cancelled,Credit,2370.0,1621,,0.0,0.0,2026-03-02 00:00:00,2026-03-07 10:30:42,2026-03-07 10:30:42,2026-03-07 10:30:42
85,721,,Cancelled,Credit,16290.0,1619,,0.0,0.0,2026-03-02 00:00:00,2026-03-07 10:30:42,2026-03-07 10:30:42,2026-03-07 10:30:42
86,720,,Cancelled,Credit,90.0,1618,,0.0,0.0,2026-03-02 00:00:00,2026-03-07 10:30:42,2026-03-07 10:30:42,2026-03-07 10:30:42
87,719,,Cancelled,Credit,420.0,1617,,0.0,0.0,2026-03-02 00:00:00,2026-03-07 10:30:42,2026-03-07 10:30:42,2026-03-07 10:30:42
88,314,,Cancelled,Credit,480.0,1615,,0.0,0.0,2026-03-02 00:00:00,2026-03-07 10:30:42,2026-03-07 10:30:42,2026-03-07 10:30:42
89,251,,Cancelled,Credit,1350.0,1607,,0.0,0.0,2026-03-02 00:00:00,2026-03-07 10:30:42,2026-03-07 10:30:42,2026-03-07 10:30:42
90,447,,Cancelled,Credit,146.0,1600,,0.0,0.0,2026-03-02 00:00:00,2026-03-07 10:30:42,2026-03-07 10:30:42,2026-03-07 10:30:42
91,193,,Cancelled,Credit,1050.0,1590,,0.0,0.0,2026-03-02 00:00:00,2026-03-07 10:30:42,2026-03-07 10:30:42,2026-03-07 10:30:42
92,714,,Cancelled,Credit,1502.0,1589,,0.0,0.0,2026-03-02 00:00:00,2026-03-07 10:30:42,2026-03-07 10:30:42,2026-03-07 10:30:42
93,570,,Cancelled,Credit,2370.0,1621,,0.0,0.0,2026-03-02 00:00:00,2026-03-07 12:26:45,2026-03-07 12:26:45,2026-03-07 12:26:45
94,719,,Cancelled,Credit,420.0,1617,,0.0,0.0,2026-03-02 00:00:00,2026-03-07 12:26:45,2026-03-07 12:26:45,2026-03-07 12:26:45
95,314,,Cancelled,Credit,480.0,1615,,0.0,0.0,2026-03-02 00:00:00,2026-03-07 12:26:45,2026-03-07 12:26:45,2026-03-07 12:26:45
96,570,,Cancelled,Credit,2370.0,1624,,0.0,0.0,2026-03-02 00:00:00,2026-03-07 12:26:45,2026-03-07 12:26:45,2026-03-07 12:26:45
97,721,,Cancelled,Credit,16290.0,1619,,0.0,0.0,2026-03-02 00:00:00,2026-03-07 12:26:45,2026-03-07 12:26:45,2026-03-07 12:26:45
98,720,,Cancelled,Credit,90.0,1618,,0.0,0.0,2026-03-02 00:00:00,2026-03-07 12:26:45,2026-03-07 12:26:45,2026-03-07 12:26:45
99,714,,Cancelled,Credit,1502.0,1589,,0.0,0.0,2026-03-02 00:00:00,2026-03-07 12:26:45,2026-03-07 12:26:45,2026-03-07 12:26:45
100,193,,Cancelled,Credit,1050.0,1590,,0.0,0.0,2026-03-02 00:00:00,2026-03-07 12:26:45,2026-03-07 12:26:45,2026-03-07 12:26:45
101,251,,Cancelled,Credit,1350.0,1607,,0.0,0.0,2026-03-02 00:00:00,2026-03-07 12:26:45,2026-03-07 12:26:45,2026-03-07 12:26:45
102,447,,Cancelled,Credit,146.0,1600,,0.0,0.0,2026-03-02 00:00:00,2026-03-07 12:26:45,2026-03-07 12:26:45,2026-03-07 12:26:45
103,18,,Cancelled,Credit,630.0,1665,,0.0,0.0,2026-03-03 00:00:00,2026-03-07 10:30:42,2026-03-07 10:30:42,2026-03-07 10:30:42
104,728,,Cancelled,Credit,17999.0,1663,,0.0,0.0,2026-03-03 00:00:00,2026-03-07 10:30:42,2026-03-07 10:30:42,2026-03-07 10:30:42
105,622,,Cancelled,Credit,210.0,1661,,0.0,0.0,2026-03-03 00:00:00,2026-03-07 10:30:42,2026-03-07 10:30:42,2026-03-07 10:30:42
106,570,,Cancelled,Credit,2370.0,1645,,0.0,0.0,2026-03-03 00:00:00,2026-03-07 10:30:42,2026-03-07 10:30:42,2026-03-07 10:30:42
107,280,,Cancelled,Credit,420.0,1633,,0.0,0.0,2026-03-03 00:00:00,2026-03-07 10:30:42,2026-03-07 10:30:42,2026-03-07 10:30:42
108,725,,Cancelled,Credit,210.0,1631,,0.0,0.0,2026-03-03 00:00:00,2026-03-07 10:30:42,2026-03-07 10:30:42,2026-03-07 10:30:42
109,697,,Cancelled,Credit,300.0,1629,,0.0,0.0,2026-03-03 00:00:00,2026-03-07 10:30:42,2026-03-07 10:30:42,2026-03-07 10:30:42
110,570,,Cancelled,Credit,2370.0,1645,,0.0,0.0,2026-03-03 00:00:00,2026-03-07 12:26:45,2026-03-07 12:26:45,2026-03-07 12:26:45
111,434,,Cancelled,Credit,840.0,1667,,0.0,0.0,2026-03-03 00:00:00,2026-03-07 10:30:42,2026-03-07 10:30:42,2026-03-07 10:30:42
112,697,,Cancelled,Credit,300.0,1629,,0.0,0.0,2026-03-03 00:00:00,2026-03-07 12:26:45,2026-03-07 12:26:45,2026-03-07 12:26:45
113,725,,Cancelled,Credit,210.0,1631,,0.0,0.0,2026-03-03 00:00:00,2026-03-07 12:26:45,2026-03-07 12:26:45,2026-03-07 12:26:45
114,434,,Cancelled,Credit,840.0,1667,,0.0,0.0,2026-03-03 00:00:00,2026-03-07 12:26:45,2026-03-07 12:26:45,2026-03-07 12:26:45
115,18,,Cancelled,Credit,630.0,1665,,0.0,0.0,2026-03-03 00:00:00,2026-03-07 12:26:45,2026-03-07 12:26:45,2026-03-07 12:26:45
116,728,,Cancelled,Credit,17999.0,1663,,0.0,0.0,2026-03-03 00:00:00,2026-03-07 12:26:45,2026-03-07 12:26:45,2026-03-07 12:26:45
117,622,,Cancelled,Credit,210.0,1661,,0.0,0.0,2026-03-03 00:00:00,2026-03-07 12:26:45,2026-03-07 12:26:45,2026-03-07 12:26:45
118,280,,Cancelled,Credit,420.0,1633,,0.0,0.0,2026-03-03 00:00:00,2026-03-07 12:26:45,2026-03-07 12:26:45,2026-03-07 12:26:45
119,251,,Cancelled,Credit,1350.0,1686,,0.0,0.0,2026-03-04 00:00:00,2026-03-07 10:30:42,2026-03-07 10:30:42,2026-03-07 10:30:42
120,353,,Cancelled,Credit,210.0,1685,,0.0,0.0,2026-03-04 00:00:00,2026-03-07 10:30:42,2026-03-07 10:30:42,2026-03-07 10:30:42
121,735,,Cancelled,Credit,1410.0,1706,,0.0,0.0,2026-03-04 00:00:00,2026-03-07 10:30:42,2026-03-07 10:30:42,2026-03-07 10:30:42
122,598,,Cancelled,Credit,1329.0,1673,,0.0,0.0,2026-03-04 00:00:00,2026-03-07 10:30:42,2026-03-07 10:30:42,2026-03-07 10:30:42
123,505,,Cancelled,Credit,630.0,1696,,0.0,0.0,2026-03-04 00:00:00,2026-03-07 10:30:42,2026-03-07 10:30:42,2026-03-07 10:30:42
124,267,,Cancelled,Credit,1038.0,1675,,0.0,0.0,2026-03-04 00:00:00,2026-03-07 10:30:42,2026-03-07 10:30:42,2026-03-07 10:30:42
125,316,,Cancelled,Credit,133.0,1704,,0.0,0.0,2026-03-04 00:00:00,2026-03-07 10:30:42,2026-03-07 10:30:42,2026-03-07 10:30:42
126,598,,Cancelled,Credit,1329.0,1673,,0.0,0.0,2026-03-04 00:00:00,2026-03-07 12:26:45,2026-03-07 12:26:45,2026-03-07 12:26:45
127,601,,Cancelled,Credit,960.0,1709,,0.0,0.0,2026-03-04 00:00:00,2026-03-07 12:26:45,2026-03-07 12:26:45,2026-03-07 12:26:45
128,353,,Cancelled,Credit,210.0,1685,,0.0,0.0,2026-03-04 00:00:00,2026-03-07 12:26:45,2026-03-07 12:26:45,2026-03-07 12:26:45
129,251,,Cancelled,Credit,1350.0,1686,,0.0,0.0,2026-03-04 00:00:00,2026-03-07 12:26:45,2026-03-07 12:26:45,2026-03-07 12:26:45
130,505,,Cancelled,Credit,630.0,1696,,0.0,0.0,2026-03-04 00:00:00,2026-03-07 12:26:45,2026-03-07 12:26:45,2026-03-07 12:26:45
131,441,,Cancelled,Credit,90.0,1698,,0.0,0.0,2026-03-04 00:00:00,2026-03-07 12:26:45,2026-03-07 12:26:45,2026-03-07 12:26:45
132,316,,Cancelled,Credit,133.0,1704,,0.0,0.0,2026-03-04 00:00:00,2026-03-07 12:26:45,2026-03-07 12:26:45,2026-03-07 12:26:45
133,735,,Cancelled,Credit,1410.0,1706,,0.0,0.0,2026-03-04 00:00:00,2026-03-07 12:26:45,2026-03-07 12:26:45,2026-03-07 12:26:45
134,137,,Cancelled,Credit,3780.0,1710,,0.0,0.0,2026-03-04 00:00:00,2026-03-07 12:26:45,2026-03-07 12:26:45,2026-03-07 12:26:45
135,505,,Cancelled,Credit,630.0,1713,,0.0,0.0,2026-03-04 00:00:00,2026-03-07 12:26:45,2026-03-07 12:26:45,2026-03-07 12:26:45
136,714,,Cancelled,Credit,1502.0,1716,,0.0,0.0,2026-03-04 00:00:00,2026-03-07 12:26:45,2026-03-07 12:26:45,2026-03-07 12:26:45
137,710,,Cancelled,Credit,210.0,1721,,0.0,0.0,2026-03-04 00:00:00,2026-03-07 12:26:45,2026-03-07 12:26:45,2026-03-07 12:26:45
138,714,,Cancelled,Credit,210.0,1722,,0.0,0.0,2026-03-04 00:00:00,2026-03-07 12:26:45,2026-03-07 12:26:45,2026-03-07 12:26:45
139,662,,Cancelled,Credit,210.0,1723,,0.0,0.0,2026-03-04 00:00:00,2026-03-07 12:26:45,2026-03-07 12:26:45,2026-03-07 12:26:45
140,267,,Cancelled,Credit,1038.0,1675,,0.0,0.0,2026-03-04 00:00:00,2026-03-07 12:26:45,2026-03-07 12:26:45,2026-03-07 12:26:45
141,441,,Cancelled,Credit,90.0,1698,,0.0,0.0,2026-03-04 00:00:00,2026-03-07 10:30:42,2026-03-07 10:30:42,2026-03-07 10:30:42
142,662,,Cancelled,Credit,210.0,1723,,0.0,0.0,2026-03-04 00:00:00,2026-03-07 10:30:42,2026-03-07 10:30:42,2026-03-07 10:30:42
143,601,,Cancelled,Credit,960.0,1709,,0.0,0.0,2026-03-04 00:00:00,2026-03-07 10:30:42,2026-03-07 10:30:42,2026-03-07 10:30:42
144,137,,Cancelled,Credit,3780.0,1710,,0.0,0.0,2026-03-04 00:00:00,2026-03-07 10:30:42,2026-03-07 10:30:42,2026-03-07 10:30:42
145,505,,Cancelled,Credit,630.0,1713,,0.0,0.0,2026-03-04 00:00:00,2026-03-07 10:30:42,2026-03-07 10:30:42,2026-03-07 10:30:42
146,714,,Cancelled,Credit,1502.0,1716,,0.0,0.0,2026-03-04 00:00:00,2026-03-07 10:30:42,2026-03-07 10:30:42,2026-03-07 10:30:42
147,710,,Cancelled,Credit,210.0,1721,,0.0,0.0,2026-03-04 00:00:00,2026-03-07 10:30:42,2026-03-07 10:30:42,2026-03-07 10:30:42
148,714,,Cancelled,Credit,210.0,1722,,0.0,0.0,2026-03-04 00:00:00,2026-03-07 10:30:42,2026-03-07 10:30:42,2026-03-07 10:30:42
149,745,,Cancelled,Credit,180.0,1744,,0.0,0.0,2026-03-05 00:00:00,2026-03-07 10:30:42,2026-03-07 10:30:42,2026-03-07 10:30:42
150,510,,Cancelled,Credit,300.0,1745,,0.0,0.0,2026-03-05 00:00:00,2026-03-07 10:30:42,2026-03-07 10:30:42,2026-03-07 10:30:42
151,193,,Cancelled,Credit,1050.0,1747,,0.0,0.0,2026-03-05 00:00:00,2026-03-07 10:30:42,2026-03-07 10:30:42,2026-03-07 10:30:42
152,630,,Cancelled,Credit,210.0,1754,,0.0,0.0,2026-03-05 00:00:00,2026-03-07 10:30:42,2026-03-07 10:30:42,2026-03-07 10:30:42
153,228,,Cancelled,Credit,198.0,1767,,0.0,0.0,2026-03-05 00:00:00,2026-03-07 10:30:42,2026-03-07 10:30:42,2026-03-07 10:30:42
154,745,,Cancelled,Credit,180.0,1744,,0.0,0.0,2026-03-05 00:00:00,2026-03-07 12:26:45,2026-03-07 12:26:45,2026-03-07 12:26:45
155,522,,Cancelled,Credit,210.0,1741,,0.0,0.0,2026-03-05 00:00:00,2026-03-07 12:26:45,2026-03-07 12:26:45,2026-03-07 12:26:45
156,193,,Cancelled,Credit,1050.0,1747,,0.0,0.0,2026-03-05 00:00:00,2026-03-07 12:26:45,2026-03-07 12:26:45,2026-03-07 12:26:45
157,522,,Cancelled,Credit,210.0,1741,,0.0,0.0,2026-03-05 00:00:00,2026-03-07 10:30:42,2026-03-07 10:30:42,2026-03-07 10:30:42
158,180,,Cancelled,Credit,210.0,1765,,0.0,0.0,2026-03-05 00:00:00,2026-03-07 12:26:45,2026-03-07 12:26:45,2026-03-07 12:26:45
159,228,,Cancelled,Credit,198.0,1767,,0.0,0.0,2026-03-05 00:00:00,2026-03-07 12:26:45,2026-03-07 12:26:45,2026-03-07 12:26:45
160,180,,Cancelled,Credit,210.0,1765,,0.0,0.0,2026-03-05 00:00:00,2026-03-07 10:30:42,2026-03-07 10:30:42,2026-03-07 10:30:42
161,510,,Cancelled,Credit,300.0,1745,,0.0,0.0,2026-03-05 00:00:00,2026-03-07 12:26:45,2026-03-07 12:26:45,2026-03-07 12:26:45
162,630,,Cancelled,Credit,210.0,1754,,0.0,0.0,2026-03-05 00:00:00,2026-03-07 12:26:45,2026-03-07 12:26:45,2026-03-07 12:26:45
163,429,,Cancelled,Credit,1809.0,1784,,0.0,0.0,2026-03-06 00:00:00,2026-03-07 10:30:42,2026-03-07 10:30:42,2026-03-07 10:30:42
164,622,,Cancelled,Credit,210.0,1809,,0.0,0.0,2026-03-06 00:00:00,2026-03-07 10:30:42,2026-03-07 10:30:42,2026-03-07 10:30:42
165,58,,Cancelled,Credit,210.0,1805,,0.0,0.0,2026-03-06 00:00:00,2026-03-07 10:30:42,2026-03-07 10:30:42,2026-03-07 10:30:42
166,717,,Cancelled,Credit,210.0,1803,,0.0,0.0,2026-03-06 00:00:00,2026-03-07 10:30:42,2026-03-07 10:30:42,2026-03-07 10:30:42
167,251,,Cancelled,Credit,288.0,1794,,0.0,0.0,2026-03-06 00:00:00,2026-03-07 10:30:42,2026-03-07 10:30:42,2026-03-07 10:30:42
168,657,,Cancelled,Credit,420.0,1789,,0.0,0.0,2026-03-06 00:00:00,2026-03-07 10:30:42,2026-03-07 10:30:42,2026-03-07 10:30:42
169,450,,Cancelled,Credit,426.0,1785,,0.0,0.0,2026-03-06 00:00:00,2026-03-07 10:30:42,2026-03-07 10:30:42,2026-03-07 10:30:42
170,382,,Cancelled,Credit,90.0,1818,,0.0,0.0,2026-03-06 00:00:00,2026-03-07 10:30:42,2026-03-07 10:30:42,2026-03-07 10:30:42
171,78,,Cancelled,Credit,210.0,1811,,0.0,0.0,2026-03-06 00:00:00,2026-03-07 10:30:42,2026-03-07 10:30:42,2026-03-07 10:30:42
172,251,,Cancelled,Credit,288.0,1794,,0.0,0.0,2026-03-06 00:00:00,2026-03-07 12:26:45,2026-03-07 12:26:45,2026-03-07 12:26:45
173,58,,Cancelled,Credit,210.0,1805,,0.0,0.0,2026-03-06 00:00:00,2026-03-07 12:26:45,2026-03-07 12:26:45,2026-03-07 12:26:45
174,622,,Cancelled,Credit,210.0,1809,,0.0,0.0,2026-03-06 00:00:00,2026-03-07 12:26:45,2026-03-07 12:26:45,2026-03-07 12:26:45
175,717,,Cancelled,Credit,210.0,1803,,0.0,0.0,2026-03-06 00:00:00,2026-03-07 12:26:45,2026-03-07 12:26:45,2026-03-07 12:26:45
176,429,,Cancelled,Credit,1809.0,1784,,0.0,0.0,2026-03-06 00:00:00,2026-03-07 12:26:45,2026-03-07 12:26:45,2026-03-07 12:26:45
177,450,,Cancelled,Credit,426.0,1785,,0.0,0.0,2026-03-06 00:00:00,2026-03-07 12:26:45,2026-03-07 12:26:45,2026-03-07 12:26:45
178,657,,Cancelled,Credit,420.0,1789,,0.0,0.0,2026-03-06 00:00:00,2026-03-07 12:26:45,2026-03-07 12:26:45,2026-03-07 12:26:45
179,78,,Cancelled,Credit,210.0,1811,,0.0,0.0,2026-03-06 00:00:00,2026-03-07 12:26:45,2026-03-07 12:26:45,2026-03-07 12:26:45
180,382,,Cancelled,Credit,90.0,1818,,0.0,0.0,2026-03-06 00:00:00,2026-03-07 12:26:45,2026-03-07 12:26:45,2026-03-07 12:26:45
181,755,,Cancelled,Credit,210.0,1836,,0.0,0.0,2026-03-07 00:00:00,2026-03-07 12:26:45,2026-03-07 12:26:45,2026-03-07 12:26:45
182,759,,Cancelled,Credit,198.0,1865,,0.0,0.0,2026-03-07 00:00:00,2026-03-07 12:26:45,2026-03-07 12:26:45,2026-03-07 12:26:45
183,614,,Cancelled,Credit,657.0,1866,,0.0,0.0,2026-03-07 00:00:00,2026-03-07 12:26:45,2026-03-07 12:26:45,2026-03-07 12:26:45
184,614,,Cancelled,Credit,657.0,1866,,0.0,0.0,2026-03-07 00:00:00,2026-03-07 10:30:42,2026-03-07 10:30:42,2026-03-07 10:30:42
185,759,,Cancelled,Credit,198.0,1865,,0.0,0.0,2026-03-07 00:00:00,2026-03-07 10:30:42,2026-03-07 10:30:42,2026-03-07 10:30:42
186,755,,Cancelled,Credit,210.0,1836,,0.0,0.0,2026-03-07 00:00:00,2026-03-07 10:30:42,2026-03-07 10:30:42,2026-03-07 10:30:42
187,435,,Cancelled,Credit,1433.0,1915,,0.0,0.0,2026-03-09 00:00:00,2026-03-09 00:00:00,2026-03-09 00:00:00,2026-03-09 00:00:00
188,395,,Cancelled,Credit,228.0,1898,,0.0,0.0,2026-03-09 00:00:00,2026-03-09 00:00:00,2026-03-09 00:00:00,2026-03-09 00:00:00
189,643,,Cancelled,Credit,336.0,1946,,0.0,0.0,2026-03-10 00:00:00,2026-03-10 00:00:00,2026-03-10 00:00:00,2026-03-10 00:00:00
190,647,,Cancelled,Credit,3582.0,1945,,0.0,0.0,2026-03-10 00:00:00,2026-03-10 00:00:00,2026-03-10 00:00:00,2026-03-10 00:00:00
191,162,,Cancelled,Credit,168.0,1935,,0.0,0.0,2026-03-10 00:00:00,2026-03-10 00:00:00,2026-03-10 00:00:00,2026-03-10 00:00:00
192,578,,Cancelled,Credit,564.0,2020,,0.0,0.0,2026-03-11 00:00:00,2026-03-11 00:00:00,2026-03-11 00:00:00,2026-03-11 00:00:00
193,450,,Cancelled,Credit,396.0,2018,,0.0,0.0,2026-03-11 00:00:00,2026-03-11 00:00:00,2026-03-11 00:00:00,2026-03-11 00:00:00
194,429,,Cancelled,Credit,1632.0,2017,,0.0,0.0,2026-03-11 00:00:00,2026-03-11 00:00:00,2026-03-11 00:00:00,2026-03-11 00:00:00
195,541,,Cancelled,Credit,3580.0,2063,,0.0,0.0,2026-03-12 17:59:12,2026-03-13 20:46:25,2026-03-13 20:46:25,2026-03-13 20:46:25
196,652,,Cancelled,Credit,840.0,2069,,0.0,0.0,2026-03-12 17:59:12,2026-03-13 20:46:25,2026-03-13 20:46:25,2026-03-13 20:46:25
197,801,,Cancelled,Credit,310.0,2103,,0.0,0.0,2026-03-13 00:00:00,2026-03-14 22:23:18,2026-03-14 22:23:18,2026-03-14 22:23:18
198,592,,Cancelled,Credit,1260.0,2107,,0.0,0.0,2026-03-13 00:00:00,2026-03-14 22:23:18,2026-03-14 22:23:18,2026-03-14 22:23:18
199,103,,Cancelled,Credit,3976.0,2110,,0.0,0.0,2026-03-13 00:00:00,2026-03-14 22:23:18,2026-03-14 22:23:18,2026-03-14 22:23:18
